{
    "name": "mongod",
    "id" : "STANDALONE_SSL",
    "procParams": {
        "dbpath": "/tmp/standalone-ssl/",
        "ipv6": true,
        "logappend": true,
        "logpath": "/tmp/standalone-ssl/m.log",
        "journal": true,
        "port": 2100,
        "setParameter": {"enableTestCommands": 1}
    },
    "sslParams": {
	"sslMode": "requireSSL",
        "sslCAFile": "/phongo/scripts/ssl/ca.pem",
        "sslPEMKeyFile": "/phongo/scripts/ssl/server.pem",
        "sslWeakCertificateValidation": true
    }
}

